-- phpMyAdmin SQL Dump
-- version 5.2.1
-- https://www.phpmyadmin.net/
--
-- Host: localhost
-- Waktu pembuatan: 13 Nov 2024 pada 13.01
-- Versi server: 10.4.28-MariaDB
-- Versi PHP: 8.0.28

SET SQL_MODE = "NO_AUTO_VALUE_ON_ZERO";
START TRANSACTION;
SET time_zone = "+00:00";


/*!40101 SET @OLD_CHARACTER_SET_CLIENT=@@CHARACTER_SET_CLIENT */;
/*!40101 SET @OLD_CHARACTER_SET_RESULTS=@@CHARACTER_SET_RESULTS */;
/*!40101 SET @OLD_COLLATION_CONNECTION=@@COLLATION_CONNECTION */;
/*!40101 SET NAMES utf8mb4 */;

--
-- Database: `dbpenjualan_0064`
--

-- --------------------------------------------------------

--
-- Struktur dari tabel `detail_transaksi`
--

CREATE TABLE `detail_transaksi` (
  `id` int(11) NOT NULL,
  `transaksi_id` int(11) DEFAULT NULL,
  `produk_id` int(11) DEFAULT NULL,
  `jumlah` int(11) NOT NULL,
  `harga` decimal(10,2) NOT NULL,
  `subtotal` decimal(10,2) NOT NULL
) ENGINE=InnoDB DEFAULT CHARSET=utf8mb4 COLLATE=utf8mb4_general_ci;

--
-- Dumping data untuk tabel `detail_transaksi`
--

INSERT INTO `detail_transaksi` (`id`, `transaksi_id`, `produk_id`, `jumlah`, `harga`, `subtotal`) VALUES
(1, 1, 1, 2, 15000.00, 30000.00),
(2, 2, 2, 4, 12000.00, 48000.00),
(3, 3, 1, 2, 15000.00, 30000.00),
(4, 3, 2, 4, 12000.00, 48000.00);

-- --------------------------------------------------------

--
-- Struktur dari tabel `pelanggan`
--

CREATE TABLE `pelanggan` (
  `id` int(11) NOT NULL,
  `nama` varchar(100) NOT NULL,
  `alamat` text DEFAULT NULL,
  `telepon` varchar(15) DEFAULT NULL,
  `created_at` timestamp NOT NULL DEFAULT current_timestamp()
) ENGINE=InnoDB DEFAULT CHARSET=utf8mb4 COLLATE=utf8mb4_general_ci;

--
-- Dumping data untuk tabel `pelanggan`
--

INSERT INTO `pelanggan` (`id`, `nama`, `alamat`, `telepon`, `created_at`) VALUES
(1, 'Anggo', 'Spacar Pekalongan', '082948576734', '2024-11-02 00:57:37'),
(2, 'Wildan', 'Tirto Pekalongan', '081298476235', '2024-11-03 00:31:41'),
(4, 'Vidi Aldiano', 'Seno Pati Jakarta', '081920983746', '2024-11-13 09:56:13');

-- --------------------------------------------------------

--
-- Struktur dari tabel `produk`
--

CREATE TABLE `produk` (
  `id` int(11) NOT NULL,
  `nama` varchar(100) NOT NULL,
  `harga` decimal(10,2) NOT NULL,
  `stok` int(11) NOT NULL,
  `created_at` timestamp NOT NULL DEFAULT current_timestamp()
) ENGINE=InnoDB DEFAULT CHARSET=utf8mb4 COLLATE=utf8mb4_general_ci;

--
-- Dumping data untuk tabel `produk`
--

INSERT INTO `produk` (`id`, `nama`, `harga`, `stok`, `created_at`) VALUES
(1, 'Laptop', 15000.00, 228, '2024-11-02 00:56:03'),
(2, 'Hand Phone', 12000.00, 232, '2024-11-03 00:30:55'),
(4, 'Piano', 25000.00, 257, '2024-11-13 00:04:34');

-- --------------------------------------------------------

--
-- Struktur dari tabel `transaksi`
--

CREATE TABLE `transaksi` (
  `id` int(11) NOT NULL,
  `pelanggan_id` int(11) DEFAULT NULL,
  `tanggal` date NOT NULL,
  `total` decimal(10,2) NOT NULL,
  `created_at` timestamp NOT NULL DEFAULT current_timestamp()
) ENGINE=InnoDB DEFAULT CHARSET=utf8mb4 COLLATE=utf8mb4_general_ci;

--
-- Dumping data untuk tabel `transaksi`
--

INSERT INTO `transaksi` (`id`, `pelanggan_id`, `tanggal`, `total`, `created_at`) VALUES
(1, 1, '2024-11-02', 30000.00, '2024-11-02 00:59:42'),
(2, 2, '2024-11-03', 48000.00, '2024-11-03 00:32:24'),
(3, 4, '2024-11-13', 78000.00, '2024-11-13 10:36:26');

--
-- Indexes for dumped tables
--

--
-- Indeks untuk tabel `detail_transaksi`
--
ALTER TABLE `detail_transaksi`
  ADD PRIMARY KEY (`id`),
  ADD KEY `transaksi_id` (`transaksi_id`),
  ADD KEY `produk_id` (`produk_id`);

--
-- Indeks untuk tabel `pelanggan`
--
ALTER TABLE `pelanggan`
  ADD PRIMARY KEY (`id`);

--
-- Indeks untuk tabel `produk`
--
ALTER TABLE `produk`
  ADD PRIMARY KEY (`id`);

--
-- Indeks untuk tabel `transaksi`
--
ALTER TABLE `transaksi`
  ADD PRIMARY KEY (`id`),
  ADD KEY `pelanggan_id` (`pelanggan_id`);

--
-- AUTO_INCREMENT untuk tabel yang dibuang
--

--
-- AUTO_INCREMENT untuk tabel `detail_transaksi`
--
ALTER TABLE `detail_transaksi`
  MODIFY `id` int(11) NOT NULL AUTO_INCREMENT, AUTO_INCREMENT=6;

--
-- AUTO_INCREMENT untuk tabel `pelanggan`
--
ALTER TABLE `pelanggan`
  MODIFY `id` int(11) NOT NULL AUTO_INCREMENT, AUTO_INCREMENT=6;

--
-- AUTO_INCREMENT untuk tabel `produk`
--
ALTER TABLE `produk`
  MODIFY `id` int(11) NOT NULL AUTO_INCREMENT, AUTO_INCREMENT=6;

--
-- AUTO_INCREMENT untuk tabel `transaksi`
--
ALTER TABLE `transaksi`
  MODIFY `id` int(11) NOT NULL AUTO_INCREMENT, AUTO_INCREMENT=5;

--
-- Ketidakleluasaan untuk tabel pelimpahan (Dumped Tables)
--

--
-- Ketidakleluasaan untuk tabel `detail_transaksi`
--
ALTER TABLE `detail_transaksi`
  ADD CONSTRAINT `detail_transaksi_ibfk_1` FOREIGN KEY (`transaksi_id`) REFERENCES `transaksi` (`id`),
  ADD CONSTRAINT `detail_transaksi_ibfk_2` FOREIGN KEY (`produk_id`) REFERENCES `produk` (`id`);

--
-- Ketidakleluasaan untuk tabel `transaksi`
--
ALTER TABLE `transaksi`
  ADD CONSTRAINT `transaksi_ibfk_1` FOREIGN KEY (`pelanggan_id`) REFERENCES `pelanggan` (`id`);
COMMIT;

/*!40101 SET CHARACTER_SET_CLIENT=@OLD_CHARACTER_SET_CLIENT */;
/*!40101 SET CHARACTER_SET_RESULTS=@OLD_CHARACTER_SET_RESULTS */;
/*!40101 SET COLLATION_CONNECTION=@OLD_COLLATION_CONNECTION */;
